Domain Code,Domain,Area Code (ISO3),Area,Element Code,Element,Item Code,Item,Year Code,Year,Source Code,Source,Unit,Value,Flag,Flag Description,Note
GT,Emissions totals,AFG,Afghanistan,7225,Emissions (CH4),5060,Rice Cultivation,2020,2020,3050,FAO TIER 1,kt,20.6577,E,Estimated value,
GT,Emissions totals,AFG,Afghanistan,7225,Emissions (CH4),5060,Rice Cultivation,2020,2020,3051,UNFCCC,,,,,
GT,Emissions totals,AFG,Afghanistan,7225,Emissions (CH4),5060,Rice Cultivation,2021,2021,3050,FAO TIER 1,kt,19.7711,E,Estimated value,
GT,Emissions totals,AFG,Afghanistan,7225,Emissions (CH4),5060,Rice Cultivation,2021,2021,3051,UNFCCC,,,,,
GT,Emissions totals,AFG,Afghanistan,7225,Emissions (CH4),5060,Rice Cultivation,2022,2022,3050,FAO TIER 1,kt,17.92,E,Estimated value,
GT,Emissions totals,AFG,Afghanistan,7225,Emissions (CH4),5060,Rice Cultivation,2022,2022,3051,UNFCCC,,,,,
GT,Emissions totals,AFG,Afghanistan,7225,Emissions (CH4),5060,Rice Cultivation,2023,2023,3050,FAO TIER 1,kt,18.06,E,Estimated value,
GT,Emissions totals,AFG,Afghanistan,7225,Emissions (CH4),5060,Rice Cultivation,2023,2023,3051,UNFCCC,,,,,
GT,Emissions totals,AFG,Afghanistan,7225,Emissions (CH4),5066,Burning - Crop residues,2020,2020,3050,FAO TIER 1,kt,3.4826,E,Estimated value,
GT,Emissions totals,AFG,Afghanistan,7225,Emissions (CH4),5066,Burning - Crop residues,2020,2020,3051,UNFCCC,,,,,
GT,Emissions totals,AFG,Afghanistan,7225,Emissions (CH4),5066,Burning - Crop residues,2021,2021,3050,FAO TIER 1,kt,2.7983,E,Estimated value,
GT,Emissions totals,AFG,Afghanistan,7225,Emissions (CH4),5066,Burning - Crop residues,2021,2021,3051,UNFCCC,,,,,
GT,Emissions totals,AFG,Afghanistan,7225,Emissions (CH4),5066,Burning - Crop residues,2022,2022,3050,FAO TIER 1,kt,2.5765,E,Estimated value,
GT,Emissions totals,AFG,Afghanistan,7225,Emissions (CH4),5066,Burning - Crop residues,2022,2022,3051,UNFCCC,,,,,
GT,Emissions totals,AFG,Afghanistan,7225,Emissions (CH4),5066,Burning - Crop residues,2023,2023,3050,FAO TIER 1,kt,2.7013,E,Estimated value,
GT,Emissions totals,AFG,Afghanistan,7225,Emissions (CH4),5066,Burning - Crop residues,2023,2023,3051,UNFCCC,,,,,
GT,Emissions totals,AFG,Afghanistan,7225,Emissions (CH4),5058,Enteric Fermentation,2020,2020,3050,FAO TIER 1,kt,379.9824,E,Estimated value,
GT,Emissions totals,AFG,Afghanistan,7225,Emissions (CH4),5058,Enteric Fermentation,2020,2020,3051,UNFCCC,,,,,
GT,Emissions totals,AFG,Afghanistan,7225,Emissions (CH4),5058,Enteric Fermentation,2021,2021,3050,FAO TIER 1,kt,382.0844,E,Estimated value,
GT,Emissions totals,AFG,Afghanistan,7225,Emissions (CH4),5058,Enteric Fermentation,2021,2021,3051,UNFCCC,,,,,
GT,Emissions totals,AFG,Afghanistan,7225,Emissions (CH4),5058,Enteric Fermentation,2022,2022,3050,FAO TIER 1,kt,387.1624,E,Estimated value,
GT,Emissions totals,AFG,Afghanistan,7225,Emissions (CH4),5058,Enteric Fermentation,2022,2022,3051,UNFCCC,,,,,
GT,Emissions totals,AFG,Afghanistan,7225,Emissions (CH4),5058,Enteric Fermentation,2023,2023,3050,FAO TIER 1,kt,390.9566,E,Estimated value,
GT,Emissions totals,AFG,Afghanistan,7225,Emissions (CH4),5058,Enteric Fermentation,2023,2023,3051,UNFCCC,,,,,
GT,Emissions totals,AFG,Afghanistan,7225,Emissions (CH4),5059,Manure Management,2020,2020,3050,FAO TIER 1,kt,24.6734,E,Estimated value,
GT,Emissions totals,AFG,Afghanistan,7225,Emissions (CH4),5059,Manure Management,2020,2020,3051,UNFCCC,,,,,
GT,Emissions totals,AFG,Afghanistan,7225,Emissions (CH4),5059,Manure Management,2021,2021,3050,FAO TIER 1,kt,24.8805,E,Estimated value,
GT,Emissions totals,AFG,Afghanistan,7225,Emissions (CH4),5059,Manure Management,2021,2021,3051,UNFCCC,,,,,
GT,Emissions totals,AFG,Afghanistan,7225,Emissions (CH4),5059,Manure Management,2022,2022,3050,FAO TIER 1,kt,25.3492,E,Estimated value,
GT,Emissions totals,AFG,Afghanistan,7225,Emissions (CH4),5059,Manure Management,2022,2022,3051,UNFCCC,,,,,
GT,Emissions totals,AFG,Afghanistan,7225,Emissions (CH4),5059,Manure Management,2023,2023,3050,FAO TIER 1,kt,25.7242,E,Estimated value,
GT,Emissions totals,AFG,Afghanistan,7225,Emissions (CH4),5059,Manure Management,2023,2023,3051,UNFCCC,,,,,
GT,Emissions totals,AFG,Afghanistan,7225,Emissions (CH4),6994,On-farm energy use,2020,2020,3050,FAO TIER 1,kt,0.264,E,Estimated value,
GT,Emissions totals,AFG,Afghanistan,7225,Emissions (CH4),6994,On-farm energy use,2020,2020,3051,UNFCCC,,,,,
GT,Emissions totals,AFG,Afghanistan,7225,Emissions (CH4),6994,On-farm energy use,2021,2021,3050,FAO TIER 1,kt,0.282,E,Estimated value,
GT,Emissions totals,AFG,Afghanistan,7225,Emissions (CH4),6994,On-farm energy use,2021,2021,3051,UNFCCC,,,,,
GT,Emissions totals,AFG,Afghanistan,7225,Emissions (CH4),6994,On-farm energy use,2022,2022,3050,FAO TIER 1,kt,0.264,E,Estimated value,
GT,Emissions totals,AFG,Afghanistan,7225,Emissions (CH4),6994,On-farm energy use,2022,2022,3051,UNFCCC,,,,,
GT,Emissions totals,AFG,Afghanistan,7225,Emissions (CH4),6994,On-farm energy use,2023,2023,3050,FAO TIER 1,kt,0.2664,E,Estimated value,
GT,Emissions totals,AFG,Afghanistan,7225,Emissions (CH4),6994,On-farm energy use,2023,2023,3051,UNFCCC,,,,,
GT,Emissions totals,AFG,Afghanistan,7225,Emissions (CH4),6795,Savanna fires,2020,2020,3050,FAO TIER 1,kt,0.2341,E,Estimated value,
GT,Emissions totals,AFG,Afghanistan,7225,Emissions (CH4),6795,Savanna fires,2020,2020,3051,UNFCCC,,,,,
GT,Emissions totals,AFG,Afghanistan,7225,Emissions (CH4),6795,Savanna fires,2021,2021,3050,FAO TIER 1,kt,0.0801,E,Estimated value,
GT,Emissions totals,AFG,Afghanistan,7225,Emissions (CH4),6795,Savanna fires,2021,2021,3051,UNFCCC,,,,,
GT,Emissions totals,AFG,Afghanistan,7225,Emissions (CH4),6795,Savanna fires,2022,2022,3050,FAO TIER 1,kt,0.0122,E,Estimated value,
GT,Emissions totals,AFG,Afghanistan,7225,Emissions (CH4),6795,Savanna fires,2022,2022,3051,UNFCCC,,,,,
GT,Emissions totals,AFG,Afghanistan,7225,Emissions (CH4),6795,Savanna fires,2023,2023,3050,FAO TIER 1,kt,0.0237,E,Estimated value,
GT,Emissions totals,AFG,Afghanistan,7225,Emissions (CH4),6795,Savanna fires,2023,2023,3051,UNFCCC,,,,,
GT,Emissions totals,AFG,Afghanistan,7225,Emissions (CH4),6993,Fires in organic soils,2020,2020,3050,FAO TIER 1,kt,0.0,E,Estimated value,
GT,Emissions totals,AFG,Afghanistan,7225,Emissions (CH4),6993,Fires in organic soils,2020,2020,3051,UNFCCC,,,,,
GT,Emissions totals,AFG,Afghanistan,7225,Emissions (CH4),6993,Fires in organic soils,2021,2021,3050,FAO TIER 1,kt,0.0,E,Estimated value,
GT,Emissions totals,AFG,Afghanistan,7225,Emissions (CH4),6993,Fires in organic soils,2021,2021,3051,UNFCCC,,,,,
GT,Emissions totals,AFG,Afghanistan,7225,Emissions (CH4),6993,Fires in organic soils,2022,2022,3050,FAO TIER 1,kt,0.0,E,Estimated value,
GT,Emissions totals,AFG,Afghanistan,7225,Emissions (CH4),6993,Fires in organic soils,2022,2022,3051,UNFCCC,,,,,
GT,Emissions totals,AFG,Afghanistan,7225,Emissions (CH4),6993,Fires in organic soils,2023,2023,3050,FAO TIER 1,kt,0.0,E,Estimated value,
GT,Emissions totals,AFG,Afghanistan,7225,Emissions (CH4),6993,Fires in organic soils,2023,2023,3051,UNFCCC,,,,,
GT,Emissions totals,AFG,Afghanistan,7225,Emissions (CH4),6992,Forest fires,2020,2020,3050,FAO TIER 1,kt,0.0,E,Estimated value,
GT,Emissions totals,AFG,Afghanistan,7225,Emissions (CH4),6992,Forest fires,2020,2020,3051,UNFCCC,,,,,
GT,Emissions totals,AFG,Afghanistan,7225,Emissions (CH4),6992,Forest fires,2021,2021,3050,FAO TIER 1,kt,0.0,E,Estimated value,
GT,Emissions totals,AFG,Afghanistan,7225,Emissions (CH4),6992,Forest fires,2021,2021,3051,UNFCCC,,,,,
GT,Emissions totals,AFG,Afghanistan,7225,Emissions (CH4),6992,Forest fires,2022,2022,3050,FAO TIER 1,kt,0.0,E,Estimated value,
GT,Emissions totals,AFG,Afghanistan,7225,Emissions (CH4),6992,Forest fires,2022,2022,3051,UNFCCC,,,,,
GT,Emissions totals,AFG,Afghanistan,7225,Emissions (CH4),6992,Forest fires,2023,2023,3050,FAO TIER 1,kt,0.0,E,Estimated value,
GT,Emissions totals,AFG,Afghanistan,7225,Emissions (CH4),6992,Forest fires,2023,2023,3051,UNFCCC,,,,,
GT,Emissions totals,AFG,Afghanistan,7225,Emissions (CH4),69921,Fires in humid tropical forests,2020,2020,3050,FAO TIER 1,kt,0.0,E,Estimated value,
GT,Emissions totals,AFG,Afghanistan,7225,Emissions (CH4),69921,Fires in humid tropical forests,2020,2020,3051,UNFCCC,,,,,
GT,Emissions totals,AFG,Afghanistan,7225,Emissions (CH4),69921,Fires in humid tropical forests,2021,2021,3050,FAO TIER 1,kt,0.0,E,Estimated value,
GT,Emissions totals,AFG,Afghanistan,7225,Emissions (CH4),69921,Fires in humid tropical forests,2021,2021,3051,UNFCCC,,,,,
GT,Emissions totals,AFG,Afghanistan,7225,Emissions (CH4),69921,Fires in humid tropical forests,2022,2022,3050,FAO TIER 1,kt,0.0,E,Estimated value,
GT,Emissions totals,AFG,Afghanistan,7225,Emissions (CH4),69921,Fires in humid tropical forests,2022,2022,3051,UNFCCC,,,,,
GT,Emissions totals,AFG,Afghanistan,7225,Emissions (CH4),69921,Fires in humid tropical forests,2023,2023,3050,FAO TIER 1,kt,0.0,E,Estimated value,
GT,Emissions totals,AFG,Afghanistan,7225,Emissions (CH4),69921,Fires in humid tropical forests,2023,2023,3051,UNFCCC,,,,,
GT,Emissions totals,AFG,Afghanistan,7225,Emissions (CH4),6991,Agrifood Systems Waste Disposal,2020,2020,3050,FAO TIER 1,kt,120.9242,E,Estimated value,
GT,Emissions totals,AFG,Afghanistan,7225,Emissions (CH4),6991,Agrifood Systems Waste Disposal,2020,2020,3051,UNFCCC,,,,,
GT,Emissions totals,AFG,Afghanistan,7225,Emissions (CH4),6991,Agrifood Systems Waste Disposal,2021,2021,3050,FAO TIER 1,kt,123.5483,E,Estimated value,
GT,Emissions totals,AFG,Afghanistan,7225,Emissions (CH4),6991,Agrifood Systems Waste Disposal,2021,2021,3051,UNFCCC,,,,,
GT,Emissions totals,AFG,Afghanistan,7225,Emissions (CH4),6991,Agrifood Systems Waste Disposal,2022,2022,3050,FAO TIER 1,kt,125.8265,E,Estimated value,
GT,Emissions totals,AFG,Afghanistan,7225,Emissions (CH4),6991,Agrifood Systems Waste Disposal,2022,2022,3051,UNFCCC,,,,,
GT,Emissions totals,AFG,Afghanistan,7225,Emissions (CH4),6991,Agrifood Systems Waste Disposal,2023,2023,3050,FAO TIER 1,kt,128.4405,E,Estimated value,
GT,Emissions totals,AFG,Afghanistan,7225,Emissions (CH4),6991,Agrifood Systems Waste Disposal,2023,2023,3051,UNFCCC,,,,,
GT,Emissions totals,AFG,Afghanistan,7225,Emissions (CH4),6997,Pesticides Manufacturing,2020,2020,3050,FAO TIER 1,,,,,
GT,Emissions totals,AFG,Afghanistan,7225,Emissions (CH4),6997,Pesticides Manufacturing,2020,2020,3051,UNFCCC,,,,,
GT,Emissions totals,AFG,Afghanistan,7225,Emissions (CH4),6997,Pesticides Manufacturing,2021,2021,3050,FAO TIER 1,,,,,
GT,Emissions totals,AFG,Afghanistan,7225,Emissions (CH4),6997,Pesticides Manufacturing,2021,2021,3051,UNFCCC,,,,,
GT,Emissions totals,AFG,Afghanistan,7225,Emissions (CH4),6997,Pesticides Manufacturing,2022,2022,3050,FAO TIER 1,,,,,
GT,Emissions totals,AFG,Afghanistan,7225,Emissions (CH4),6997,Pesticides Manufacturing,2022,2022,3051,UNFCCC,,,,,
GT,Emissions totals,AFG,Afghanistan,7225,Emissions (CH4),6997,Pesticides Manufacturing,2023,2023,3050,FAO TIER 1,,,,,
GT,Emissions totals,AFG,Afghanistan,7225,Emissions (CH4),6997,Pesticides Manufacturing,2023,2023,3051,UNFCCC,,,,,
GT,Emissions totals,AFG,Afghanistan,7225,Emissions (CH4),6507,Food Processing,2020,2020,3050,FAO TIER 1,,,,,
GT,Emissions totals,AFG,Afghanistan,7225,Emissions (CH4),6507,Food Processing,2020,2020,3051,UNFCCC,,,,,
GT,Emissions totals,AFG,Afghanistan,7225,Emissions (CH4),6507,Food Processing,2021,2021,3050,FAO TIER 1,,,,,
GT,Emissions totals,AFG,Afghanistan,7225,Emissions (CH4),6507,Food Processing,2021,2021,3051,UNFCCC,,,,,
GT,Emissions totals,AFG,Afghanistan,7225,Emissions (CH4),6507,Food Processing,2022,2022,3050,FAO TIER 1,,,,,
GT,Emissions totals,AFG,Afghanistan,7225,Emissions (CH4),6507,Food Processing,2022,2022,3051,UNFCCC,,,,,
GT,Emissions totals,AFG,Afghanistan,7225,Emissions (CH4),6507,Food Processing,2023,2023,3050,FAO TIER 1,,,,,
GT,Emissions totals,AFG,Afghanistan,7225,Emissions (CH4),6507,Food Processing,2023,2023,3051,UNFCCC,,,,,
GT,Emissions totals,AFG,Afghanistan,7225,Emissions (CH4),6506,Food Packaging,2020,2020,3050,FAO TIER 1,,,,,
GT,Emissions totals,AFG,Afghanistan,7225,Emissions (CH4),6506,Food Packaging,2020,2020,3051,UNFCCC,,,,,
GT,Emissions totals,AFG,Afghanistan,7225,Emissions (CH4),6506,Food Packaging,2021,2021,3050,FAO TIER 1,,,,,
GT,Emissions totals,AFG,Afghanistan,7225,Emissions (CH4),6506,Food Packaging,2021,2021,3051,UNFCCC,,,,,
GT,Emissions totals,AFG,Afghanistan,7225,Emissions (CH4),6506,Food Packaging,2022,2022,3050,FAO TIER 1,,,,,
GT,Emissions totals,AFG,Afghanistan,7225,Emissions (CH4),6506,Food Packaging,2022,2022,3051,UNFCCC,,,,,
GT,Emissions totals,AFG,Afghanistan,7225,Emissions (CH4),6506,Food Packaging,2023,2023,3050,FAO TIER 1,,,,,
GT,Emissions totals,AFG,Afghanistan,7225,Emissions (CH4),6506,Food Packaging,2023,2023,3051,UNFCCC,,,,,
GT,Emissions totals,AFG,Afghanistan,7225,Emissions (CH4),6508,Food Retail,2020,2020,3050,FAO TIER 1,kt,0.0013,E,Estimated value,
GT,Emissions totals,AFG,Afghanistan,7225,Emissions (CH4),6508,Food Retail,2020,2020,3051,UNFCCC,,,,,
GT,Emissions totals,AFG,Afghanistan,7225,Emissions (CH4),6508,Food Retail,2021,2021,3050,FAO TIER 1,kt,0.0013,E,Estimated value,
GT,Emissions totals,AFG,Afghanistan,7225,Emissions (CH4),6508,Food Retail,2021,2021,3051,UNFCCC,,,,,
GT,Emissions totals,AFG,Afghanistan,7225,Emissions (CH4),6508,Food Retail,2022,2022,3050,FAO TIER 1,kt,0.0013,E,Estimated value,
GT,Emissions totals,AFG,Afghanistan,7225,Emissions (CH4),6508,Food Retail,2022,2022,3051,UNFCCC,,,,,
GT,Emissions totals,AFG,Afghanistan,7225,Emissions (CH4),6508,Food Retail,2023,2023,3050,FAO TIER 1,kt,0.0013,E,Estimated value,
GT,Emissions totals,AFG,Afghanistan,7225,Emissions (CH4),6508,Food Retail,2023,2023,3051,UNFCCC,,,,,
GT,Emissions totals,AFG,Afghanistan,7225,Emissions (CH4),6505,Food Household Consumption,2020,2020,3050,FAO TIER 1,kt,0.1123,E,Estimated value,
GT,Emissions totals,AFG,Afghanistan,7225,Emissions (CH4),6505,Food Household Consumption,2020,2020,3051,UNFCCC,,,,,
GT,Emissions totals,AFG,Afghanistan,7225,Emissions (CH4),6505,Food Household Consumption,2021,2021,3050,FAO TIER 1,kt,0.1023,E,Estimated value,
GT,Emissions totals,AFG,Afghanistan,7225,Emissions (CH4),6505,Food Household Consumption,2021,2021,3051,UNFCCC,,,,,
GT,Emissions totals,AFG,Afghanistan,7225,Emissions (CH4),6505,Food Household Consumption,2022,2022,3050,FAO TIER 1,kt,0.0999,E,Estimated value,
GT,Emissions totals,AFG,Afghanistan,7225,Emissions (CH4),6505,Food Household Consumption,2022,2022,3051,UNFCCC,,,,,
GT,Emissions totals,AFG,Afghanistan,7225,Emissions (CH4),6505,Food Household Consumption,2023,2023,3050,FAO TIER 1,kt,0.1008,E,Estimated value,
GT,Emissions totals,AFG,Afghanistan,7225,Emissions (CH4),6505,Food Household Consumption,2023,2023,3051,UNFCCC,,,,,
GT,Emissions totals,AFG,Afghanistan,7225,Emissions (CH4),6815,Food Transport,2020,2020,3050,FAO TIER 1,kt,0.1327,E,Estimated value,
GT,Emissions totals,AFG,Afghanistan,7225,Emissions (CH4),6815,Food Transport,2020,2020,3051,UNFCCC,,,,,
GT,Emissions totals,AFG,Afghanistan,7225,Emissions (CH4),6815,Food Transport,2021,2021,3050,FAO TIER 1,kt,0.1214,E,Estimated value,
GT,Emissions totals,AFG,Afghanistan,7225,Emissions (CH4),6815,Food Transport,2021,2021,3051,UNFCCC,,,,,
GT,Emissions totals,AFG,Afghanistan,7225,Emissions (CH4),6815,Food Transport,2022,2022,3050,FAO TIER 1,kt,0.1166,E,Estimated value,
GT,Emissions totals,AFG,Afghanistan,7225,Emissions (CH4),6815,Food Transport,2022,2022,3051,UNFCCC,,,,,
GT,Emissions totals,AFG,Afghanistan,7225,Emissions (CH4),6815,Food Transport,2023,2023,3050,FAO TIER 1,kt,0.1174,E,Estimated value,
GT,Emissions totals,AFG,Afghanistan,7225,Emissions (CH4),6815,Food Transport,2023,2023,3051,UNFCCC,,,,,
GT,Emissions totals,AFG,Afghanistan,7225,Emissions (CH4),6966,Other sectors,2020,2020,3050,FAO TIER 1,,,,,
GT,Emissions totals,AFG,Afghanistan,7225,Emissions (CH4),6966,Other sectors,2020,2020,3051,UNFCCC,,,,,
GT,Emissions totals,AFG,Afghanistan,7225,Emissions (CH4),6966,Other sectors,2021,2021,3050,FAO TIER 1,,,,,
GT,Emissions totals,AFG,Afghanistan,7225,Emissions (CH4),6966,Other sectors,2021,2021,3051,UNFCCC,,,,,
GT,Emissions totals,AFG,Afghanistan,7225,Emissions (CH4),6966,Other sectors,2022,2022,3050,FAO TIER 1,,,,,
GT,Emissions totals,AFG,Afghanistan,7225,Emissions (CH4),6966,Other sectors,2022,2022,3051,UNFCCC,,,,,
GT,Emissions totals,AFG,Afghanistan,7225,Emissions (CH4),6966,Other sectors,2023,2023,3050,FAO TIER 1,,,,,
GT,Emissions totals,AFG,Afghanistan,7225,Emissions (CH4),6966,Other sectors,2023,2023,3051,UNFCCC,,,,,
GT,Emissions totals,AFG,Afghanistan,7225,Emissions (CH4),6821,Energy,2020,2020,3050,FAO TIER 1,kt,54.8,E,Estimated value,
GT,Emissions totals,AFG,Afghanistan,7225,Emissions (CH4),6821,Energy,2020,2020,3051,UNFCCC,,,,,
GT,Emissions totals,AFG,Afghanistan,7225,Emissions (CH4),6821,Energy,2021,2021,3050,FAO TIER 1,kt,58.3,E,Estimated value,
GT,Emissions totals,AFG,Afghanistan,7225,Emissions (CH4),6821,Energy,2021,2021,3051,UNFCCC,,,,,
GT,Emissions totals,AFG,Afghanistan,7225,Emissions (CH4),6821,Energy,2022,2022,3050,FAO TIER 1,kt,73.6,E,Estimated value,
GT,Emissions totals,AFG,Afghanistan,7225,Emissions (CH4),6821,Energy,2022,2022,3051,UNFCCC,,,,,
GT,Emissions totals,AFG,Afghanistan,7225,Emissions (CH4),6821,Energy,2023,2023,3050,FAO TIER 1,kt,75.7,E,Estimated value,
GT,Emissions totals,AFG,Afghanistan,7225,Emissions (CH4),6821,Energy,2023,2023,3051,UNFCCC,,,,,
GT,Emissions totals,AFG,Afghanistan,7225,Emissions (CH4),6817,IPPU,2020,2020,3050,FAO TIER 1,kt,0.0,E,Estimated value,
GT,Emissions totals,AFG,Afghanistan,7225,Emissions (CH4),6817,IPPU,2020,2020,3051,UNFCCC,,,,,
GT,Emissions totals,AFG,Afghanistan,7225,Emissions (CH4),6817,IPPU,2021,2021,3050,FAO TIER 1,kt,0.0,E,Estimated value,
GT,Emissions totals,AFG,Afghanistan,7225,Emissions (CH4),6817,IPPU,2021,2021,3051,UNFCCC,,,,,
GT,Emissions totals,AFG,Afghanistan,7225,Emissions (CH4),6817,IPPU,2022,2022,3050,FAO TIER 1,kt,0.0,E,Estimated value,
GT,Emissions totals,AFG,Afghanistan,7225,Emissions (CH4),6817,IPPU,2022,2022,3051,UNFCCC,,,,,
GT,Emissions totals,AFG,Afghanistan,7225,Emissions (CH4),6817,IPPU,2023,2023,3050,FAO TIER 1,kt,0.0,E,Estimated value,
GT,Emissions totals,AFG,Afghanistan,7225,Emissions (CH4),6817,IPPU,2023,2023,3051,UNFCCC,,,,,
GT,Emissions totals,AFG,Afghanistan,7225,Emissions (CH4),6818,Waste,2020,2020,3050,FAO TIER 1,kt,63.5,E,Estimated value,
GT,Emissions totals,AFG,Afghanistan,7225,Emissions (CH4),6818,Waste,2020,2020,3051,UNFCCC,,,,,
GT,Emissions totals,AFG,Afghanistan,7225,Emissions (CH4),6818,Waste,2021,2021,3050,FAO TIER 1,kt,65.0,E,Estimated value,
GT,Emissions totals,AFG,Afghanistan,7225,Emissions (CH4),6818,Waste,2021,2021,3051,UNFCCC,,,,,
GT,Emissions totals,AFG,Afghanistan,7225,Emissions (CH4),6818,Waste,2022,2022,3050,FAO TIER 1,kt,66.6,E,Estimated value,
GT,Emissions totals,AFG,Afghanistan,7225,Emissions (CH4),6818,Waste,2022,2022,3051,UNFCCC,,,,,
GT,Emissions totals,AFG,Afghanistan,7225,Emissions (CH4),6818,Waste,2023,2023,3050,FAO TIER 1,kt,68.2,E,Estimated value,
GT,Emissions totals,AFG,Afghanistan,7225,Emissions (CH4),6818,Waste,2023,2023,3051,UNFCCC,,,,,
GT,Emissions totals,AFG,Afghanistan,7225,Emissions (CH4),6820,International bunkers,2020,2020,3050,FAO TIER 1,,,,,
GT,Emissions totals,AFG,Afghanistan,7225,Emissions (CH4),6820,International bunkers,2020,2020,3051,UNFCCC,,,,,
GT,Emissions totals,AFG,Afghanistan,7225,Emissions (CH4),6820,International bunkers,2021,2021,3050,FAO TIER 1,,,,,
GT,Emissions totals,AFG,Afghanistan,7225,Emissions (CH4),6820,International bunkers,2021,2021,3051,UNFCCC,,,,,
GT,Emissions totals,AFG,Afghanistan,7225,Emissions (CH4),6820,International bunkers,2022,2022,3050,FAO TIER 1,,,,,
GT,Emissions totals,AFG,Afghanistan,7225,Emissions (CH4),6820,International bunkers,2022,2022,3051,UNFCCC,,,,,
GT,Emissions totals,AFG,Afghanistan,7225,Emissions (CH4),6820,International bunkers,2023,2023,3050,FAO TIER 1,,,,,
GT,Emissions totals,AFG,Afghanistan,7225,Emissions (CH4),6820,International bunkers,2023,2023,3051,UNFCCC,,,,,
GT,Emissions totals,AFG,Afghanistan,7225,Emissions (CH4),6819,Other,2020,2020,3050,FAO TIER 1,kt,0.0,E,Estimated value,
GT,Emissions totals,AFG,Afghanistan,7225,Emissions (CH4),6819,Other,2020,2020,3051,UNFCCC,,,,,
GT,Emissions totals,AFG,Afghanistan,7225,Emissions (CH4),6819,Other,2021,2021,3050,FAO TIER 1,kt,0.0,E,Estimated value,
GT,Emissions totals,AFG,Afghanistan,7225,Emissions (CH4),6819,Other,2021,2021,3051,UNFCCC,,,,,
GT,Emissions totals,AFG,Afghanistan,7225,Emissions (CH4),6819,Other,2022,2022,3050,FAO TIER 1,kt,0.0,E,Estimated value,
GT,Emissions totals,AFG,Afghanistan,7225,Emissions (CH4),6819,Other,2022,2022,3051,UNFCCC,,,,,
GT,Emissions totals,AFG,Afghanistan,7225,Emissions (CH4),6819,Other,2023,2023,3050,FAO TIER 1,kt,0.0,E,Estimated value,
GT,Emissions totals,AFG,Afghanistan,7225,Emissions (CH4),6819,Other,2023,2023,3051,UNFCCC,,,,,
GT,Emissions totals,AFG,Afghanistan,7225,Emissions (CH4),6518,Agrifood systems,2020,2020,3050,FAO TIER 1,kt,550.4647,E,Estimated value,
GT,Emissions totals,AFG,Afghanistan,7225,Emissions (CH4),6518,Agrifood systems,2020,2020,3051,UNFCCC,,,,,
GT,Emissions totals,AFG,Afghanistan,7225,Emissions (CH4),6518,Agrifood systems,2021,2021,3050,FAO TIER 1,kt,553.6696,E,Estimated value,
GT,Emissions totals,AFG,Afghanistan,7225,Emissions (CH4),6518,Agrifood systems,2021,2021,3051,UNFCCC,,,,,
GT,Emissions totals,AFG,Afghanistan,7225,Emissions (CH4),6518,Agrifood systems,2022,2022,3050,FAO TIER 1,kt,559.3287,E,Estimated value,
GT,Emissions totals,AFG,Afghanistan,7225,Emissions (CH4),6518,Agrifood systems,2022,2022,3051,UNFCCC,,,,,
GT,Emissions totals,AFG,Afghanistan,7225,Emissions (CH4),6518,Agrifood systems,2023,2023,3050,FAO TIER 1,kt,566.3923,E,Estimated value,
GT,Emissions totals,AFG,Afghanistan,7225,Emissions (CH4),6518,Agrifood systems,2023,2023,3051,UNFCCC,,,,,
GT,Emissions totals,AFG,Afghanistan,7225,Emissions (CH4),6996,Farm gate,2020,2020,3050,FAO TIER 1,kt,429.2942,E,Estimated value,
GT,Emissions totals,AFG,Afghanistan,7225,Emissions (CH4),6996,Farm gate,2020,2020,3051,UNFCCC,,,,,
GT,Emissions totals,AFG,Afghanistan,7225,Emissions (CH4),6996,Farm gate,2021,2021,3050,FAO TIER 1,kt,429.8964,E,Estimated value,
GT,Emissions totals,AFG,Afghanistan,7225,Emissions (CH4),6996,Farm gate,2021,2021,3051,UNFCCC,,,,,
GT,Emissions totals,AFG,Afghanistan,7225,Emissions (CH4),6996,Farm gate,2022,2022,3050,FAO TIER 1,kt,433.2843,E,Estimated value,
GT,Emissions totals,AFG,Afghanistan,7225,Emissions (CH4),6996,Farm gate,2022,2022,3051,UNFCCC,,,,,
GT,Emissions totals,AFG,Afghanistan,7225,Emissions (CH4),6996,Farm gate,2023,2023,3050,FAO TIER 1,kt,437.7322,E,Estimated value,
GT,Emissions totals,AFG,Afghanistan,7225,Emissions (CH4),6996,Farm gate,2023,2023,3051,UNFCCC,,,,,
GT,Emissions totals,AFG,Afghanistan,7225,Emissions (CH4),6516,Land-use change,2020,2020,3050,FAO TIER 1,kt,0.0,E,Estimated value,
GT,Emissions totals,AFG,Afghanistan,7225,Emissions (CH4),6516,Land-use change,2020,2020,3051,UNFCCC,,,,,
GT,Emissions totals,AFG,Afghanistan,7225,Emissions (CH4),6516,Land-use change,2021,2021,3050,FAO TIER 1,kt,0.0,E,Estimated value,
GT,Emissions totals,AFG,Afghanistan,7225,Emissions (CH4),6516,Land-use change,2021,2021,3051,UNFCCC,,,,,
GT,Emissions totals,AFG,Afghanistan,7225,Emissions (CH4),6516,Land-use change,2022,2022,3050,FAO TIER 1,kt,0.0,E,Estimated value,
GT,Emissions totals,AFG,Afghanistan,7225,Emissions (CH4),6516,Land-use change,2022,2022,3051,UNFCCC,,,,,
GT,Emissions totals,AFG,Afghanistan,7225,Emissions (CH4),6516,Land-use change,2023,2023,3050,FAO TIER 1,kt,0.0,E,Estimated value,
GT,Emissions totals,AFG,Afghanistan,7225,Emissions (CH4),6516,Land-use change,2023,2023,3051,UNFCCC,,,,,
GT,Emissions totals,AFG,Afghanistan,7225,Emissions (CH4),6517,Pre- and post-production,2020,2020,3050,FAO TIER 1,kt,121.1705,E,Estimated value,
GT,Emissions totals,AFG,Afghanistan,7225,Emissions (CH4),6517,Pre- and post-production,2020,2020,3051,UNFCCC,,,,,
GT,Emissions totals,AFG,Afghanistan,7225,Emissions (CH4),6517,Pre- and post-production,2021,2021,3050,FAO TIER 1,kt,123.7732,E,Estimated value,
GT,Emissions totals,AFG,Afghanistan,7225,Emissions (CH4),6517,Pre- and post-production,2021,2021,3051,UNFCCC,,,,,
GT,Emissions totals,AFG,Afghanistan,7225,Emissions (CH4),6517,Pre- and post-production,2022,2022,3050,FAO TIER 1,kt,126.0444,E,Estimated value,
GT,Emissions totals,AFG,Afghanistan,7225,Emissions (CH4),6517,Pre- and post-production,2022,2022,3051,UNFCCC,,,,,
GT,Emissions totals,AFG,Afghanistan,7225,Emissions (CH4),6517,Pre- and post-production,2023,2023,3050,FAO TIER 1,kt,128.6601,E,Estimated value,
GT,Emissions totals,AFG,Afghanistan,7225,Emissions (CH4),6517,Pre- and post-production,2023,2023,3051,UNFCCC,,,,,
GT,Emissions totals,AFG,Afghanistan,7225,Emissions (CH4),6995,Emissions on agricultural land,2020,2020,3050,FAO TIER 1,kt,429.2942,E,Estimated value,
GT,Emissions totals,AFG,Afghanistan,7225,Emissions (CH4),6995,Emissions on agricultural land,2020,2020,3051,UNFCCC,,,,,
GT,Emissions totals,AFG,Afghanistan,7225,Emissions (CH4),6995,Emissions on agricultural land,2021,2021,3050,FAO TIER 1,kt,429.8964,E,Estimated value,
GT,Emissions totals,AFG,Afghanistan,7225,Emissions (CH4),6995,Emissions on agricultural land,2021,2021,3051,UNFCCC,,,,,
GT,Emissions totals,AFG,Afghanistan,7225,Emissions (CH4),6995,Emissions on agricultural land,2022,2022,3050,FAO TIER 1,kt,433.2843,E,Estimated value,
GT,Emissions totals,AFG,Afghanistan,7225,Emissions (CH4),6995,Emissions on agricultural land,2022,2022,3051,UNFCCC,,,,,
GT,Emissions totals,AFG,Afghanistan,7225,Emissions (CH4),6995,Emissions on agricultural land,2023,2023,3050,FAO TIER 1,kt,437.7322,E,Estimated value,
GT,Emissions totals,AFG,Afghanistan,7225,Emissions (CH4),6995,Emissions on agricultural land,2023,2023,3051,UNFCCC,,,,,
GT,Emissions totals,AFG,Afghanistan,7225,Emissions (CH4),5084,Emissions from crops,2020,2020,3050,FAO TIER 1,kt,24.1403,E,Estimated value,
GT,Emissions totals,AFG,Afghanistan,7225,Emissions (CH4),5084,Emissions from crops,2020,2020,3051,UNFCCC,,,,,
GT,Emissions totals,AFG,Afghanistan,7225,Emissions (CH4),5084,Emissions from crops,2021,2021,3050,FAO TIER 1,kt,22.5694,E,Estimated value,
GT,Emissions totals,AFG,Afghanistan,7225,Emissions (CH4),5084,Emissions from crops,2021,2021,3051,UNFCCC,,,,,
GT,Emissions totals,AFG,Afghanistan,7225,Emissions (CH4),5084,Emissions from crops,2022,2022,3050,FAO TIER 1,kt,20.4965,E,Estimated value,
GT,Emissions totals,AFG,Afghanistan,7225,Emissions (CH4),5084,Emissions from crops,2022,2022,3051,UNFCCC,,,,,
GT,Emissions totals,AFG,Afghanistan,7225,Emissions (CH4),5084,Emissions from crops,2023,2023,3050,FAO TIER 1,kt,20.7613,E,Estimated value,
GT,Emissions totals,AFG,Afghanistan,7225,Emissions (CH4),5084,Emissions from crops,2023,2023,3051,UNFCCC,,,,,
GT,Emissions totals,AFG,Afghanistan,7225,Emissions (CH4),5085,Emissions from livestock,2020,2020,3050,FAO TIER 1,kt,404.6559,E,Estimated value,
GT,Emissions totals,AFG,Afghanistan,7225,Emissions (CH4),5085,Emissions from livestock,2020,2020,3051,UNFCCC,,,,,
GT,Emissions totals,AFG,Afghanistan,7225,Emissions (CH4),5085,Emissions from livestock,2021,2021,3050,FAO TIER 1,kt,406.9649,E,Estimated value,
GT,Emissions totals,AFG,Afghanistan,7225,Emissions (CH4),5085,Emissions from livestock,2021,2021,3051,UNFCCC,,,,,
GT,Emissions totals,AFG,Afghanistan,7225,Emissions (CH4),5085,Emissions from livestock,2022,2022,3050,FAO TIER 1,kt,412.5116,E,Estimated value,
GT,Emissions totals,AFG,Afghanistan,7225,Emissions (CH4),5085,Emissions from livestock,2022,2022,3051,UNFCCC,,,,,
GT,Emissions totals,AFG,Afghanistan,7225,Emissions (CH4),5085,Emissions from livestock,2023,2023,3050,FAO TIER 1,kt,416.6808,E,Estimated value,
GT,Emissions totals,AFG,Afghanistan,7225,Emissions (CH4),5085,Emissions from livestock,2023,2023,3051,UNFCCC,,,,,
GT,Emissions totals,AFG,Afghanistan,7225,Emissions (CH4),1711,IPCC Agriculture,2020,2020,3050,FAO TIER 1,kt,429.0302,E,Estimated value,
GT,Emissions totals,AFG,Afghanistan,7225,Emissions (CH4),1711,IPCC Agriculture,2020,2020,3051,UNFCCC,,,,,
GT,Emissions totals,AFG,Afghanistan,7225,Emissions (CH4),1711,IPCC Agriculture,2021,2021,3050,FAO TIER 1,kt,429.6144,E,Estimated value,
GT,Emissions totals,AFG,Afghanistan,7225,Emissions (CH4),1711,IPCC Agriculture,2021,2021,3051,UNFCCC,,,,,
GT,Emissions totals,AFG,Afghanistan,7225,Emissions (CH4),1711,IPCC Agriculture,2022,2022,3050,FAO TIER 1,kt,433.0203,E,Estimated value,
GT,Emissions totals,AFG,Afghanistan,7225,Emissions (CH4),1711,IPCC Agriculture,2022,2022,3051,UNFCCC,,,,,
GT,Emissions totals,AFG,Afghanistan,7225,Emissions (CH4),1711,IPCC Agriculture,2023,2023,3050,FAO TIER 1,kt,437.4658,E,Estimated value,
GT,Emissions totals,AFG,Afghanistan,7225,Emissions (CH4),1711,IPCC Agriculture,2023,2023,3051,UNFCCC,,,,,
GT,Emissions totals,AFG,Afghanistan,7225,Emissions (CH4),1709,Agricultural Soils,2020,2020,3050,FAO TIER 1,,,,,
GT,Emissions totals,AFG,Afghanistan,7225,Emissions (CH4),1709,Agricultural Soils,2020,2020,3051,UNFCCC,,,,,
GT,Emissions totals,AFG,Afghanistan,7225,Emissions (CH4),1709,Agricultural Soils,2021,2021,3050,FAO TIER 1,,,,,
GT,Emissions totals,AFG,Afghanistan,7225,Emissions (CH4),1709,Agricultural Soils,2021,2021,3051,UNFCCC,,,,,
GT,Emissions totals,AFG,Afghanistan,7225,Emissions (CH4),1709,Agricultural Soils,2022,2022,3050,FAO TIER 1,,,,,
GT,Emissions totals,AFG,Afghanistan,7225,Emissions (CH4),1709,Agricultural Soils,2022,2022,3051,UNFCCC,,,,,
GT,Emissions totals,AFG,Afghanistan,7225,Emissions (CH4),1709,Agricultural Soils,2023,2023,3050,FAO TIER 1,,,,,
GT,Emissions totals,AFG,Afghanistan,7225,Emissions (CH4),1709,Agricultural Soils,2023,2023,3051,UNFCCC,,,,,
GT,Emissions totals,AFG,Afghanistan,7225,Emissions (CH4),1707,LULUCF,2020,2020,3050,FAO TIER 1,kt,0.0,E,Estimated value,
GT,Emissions totals,AFG,Afghanistan,7225,Emissions (CH4),1707,LULUCF,2020,2020,3051,UNFCCC,,,,,
GT,Emissions totals,AFG,Afghanistan,7225,Emissions (CH4),1707,LULUCF,2021,2021,3050,FAO TIER 1,kt,0.0,E,Estimated value,
GT,Emissions totals,AFG,Afghanistan,7225,Emissions (CH4),1707,LULUCF,2021,2021,3051,UNFCCC,,,,,
GT,Emissions totals,AFG,Afghanistan,7225,Emissions (CH4),1707,LULUCF,2022,2022,3050,FAO TIER 1,kt,0.0,E,Estimated value,
GT,Emissions totals,AFG,Afghanistan,7225,Emissions (CH4),1707,LULUCF,2022,2022,3051,UNFCCC,,,,,
GT,Emissions totals,AFG,Afghanistan,7225,Emissions (CH4),1707,LULUCF,2023,2023,3050,FAO TIER 1,kt,0.0,E,Estimated value,
GT,Emissions totals,AFG,Afghanistan,7225,Emissions (CH4),1707,LULUCF,2023,2023,3051,UNFCCC,,,,,
GT,Emissions totals,AFG,Afghanistan,7225,Emissions (CH4),6824,AFOLU,2020,2020,3050,FAO TIER 1,kt,429.0302,E,Estimated value,
GT,Emissions totals,AFG,Afghanistan,7225,Emissions (CH4),6824,AFOLU,2020,2020,3051,UNFCCC,,,,,
GT,Emissions totals,AFG,Afghanistan,7225,Emissions (CH4),6824,AFOLU,2021,2021,3050,FAO TIER 1,kt,429.6144,E,Estimated value,
GT,Emissions totals,AFG,Afghanistan,7225,Emissions (CH4),6824,AFOLU,2021,2021,3051,UNFCCC,,,,,
GT,Emissions totals,AFG,Afghanistan,7225,Emissions (CH4),6824,AFOLU,2022,2022,3050,FAO TIER 1,kt,433.0203,E,Estimated value,
GT,Emissions totals,AFG,Afghanistan,7225,Emissions (CH4),6824,AFOLU,2022,2022,3051,UNFCCC,,,,,
GT,Emissions totals,AFG,Afghanistan,7225,Emissions (CH4),6824,AFOLU,2023,2023,3050,FAO TIER 1,kt,437.4658,E,Estimated value,
GT,Emissions totals,AFG,Afghanistan,7225,Emissions (CH4),6824,AFOLU,2023,2023,3051,UNFCCC,,,,,
GT,Emissions totals,AFG,Afghanistan,7225,Emissions (CH4),6825,All sectors with LULUCF,2020,2020,3050,FAO TIER 1,kt,547.3302,E,Estimated value,
GT,Emissions totals,AFG,Afghanistan,7225,Emissions (CH4),6825,All sectors with LULUCF,2020,2020,3051,UNFCCC,,,,,
GT,Emissions totals,AFG,Afghanistan,7225,Emissions (CH4),6825,All sectors with LULUCF,2021,2021,3050,FAO TIER 1,kt,552.9144,E,Estimated value,
GT,Emissions totals,AFG,Afghanistan,7225,Emissions (CH4),6825,All sectors with LULUCF,2021,2021,3051,UNFCCC,,,,,
GT,Emissions totals,AFG,Afghanistan,7225,Emissions (CH4),6825,All sectors with LULUCF,2022,2022,3050,FAO TIER 1,kt,573.2203,E,Estimated value,
GT,Emissions totals,AFG,Afghanistan,7225,Emissions (CH4),6825,All sectors with LULUCF,2022,2022,3051,UNFCCC,,,,,
GT,Emissions totals,AFG,Afghanistan,7225,Emissions (CH4),6825,All sectors with LULUCF,2023,2023,3050,FAO TIER 1,kt,581.3658,E,Estimated value,
GT,Emissions totals,AFG,Afghanistan,7225,Emissions (CH4),6825,All sectors with LULUCF,2023,2023,3051,UNFCCC,,,,,
GT,Emissions totals,AFG,Afghanistan,7225,Emissions (CH4),6829,All sectors without LULUCF,2020,2020,3050,FAO TIER 1,kt,547.3302,E,Estimated value,
GT,Emissions totals,AFG,Afghanistan,7225,Emissions (CH4),6829,All sectors without LULUCF,2020,2020,3051,UNFCCC,,,,,
GT,Emissions totals,AFG,Afghanistan,7225,Emissions (CH4),6829,All sectors without LULUCF,2021,2021,3050,FAO TIER 1,kt,552.9144,E,Estimated value,
GT,Emissions totals,AFG,Afghanistan,7225,Emissions (CH4),6829,All sectors without LULUCF,2021,2021,3051,UNFCCC,,,,,
GT,Emissions totals,AFG,Afghanistan,7225,Emissions (CH4),6829,All sectors without LULUCF,2022,2022,3050,FAO TIER 1,kt,573.2203,E,Estimated value,
GT,Emissions totals,AFG,Afghanistan,7225,Emissions (CH4),6829,All sectors without LULUCF,2022,2022,3051,UNFCCC,,,,,
GT,Emissions totals,AFG,Afghanistan,7225,Emissions (CH4),6829,All sectors without LULUCF,2023,2023,3050,FAO TIER 1,kt,581.3658,E,Estimated value,
GT,Emissions totals,AFG,Afghanistan,7225,Emissions (CH4),6829,All sectors without LULUCF,2023,2023,3051,UNFCCC,,,,,
