indicator_code,indicator_name,unit,source_id,source_name,source_note,source_organization,topics
SP.POP.TOTL,"Population, total",,2,World Development Indicators,"Total population is based on the de facto definition of population, which counts all residents regardless of legal status or citizenship. The values shown are midyear estimates.","World Population Prospects, United Nations (UN), uri: https://population.un.org/wpp/, publisher: UN Population Division;
Statistical databases and publications from national statistical offices, National Statistical Offices (NSOs), uri: https://unstats.un.org/home/nso_sites/, publisher: National Statistical Offices;
Eurostat: Demographic Statistics, Eurostat (ESTAT), uri: https://ec.europa.eu/eurostat/data/database?node_code=earn_ses_monthly, publisher: Eurostat;
Population and Vital Statistics Report (various years), United Nations (UN), uri: https://unstats.un.org, publisher: UN Statistics Division","Climate Change, Health "
NY.GDP.MKTP.CD,GDP (current US$),,2,World Development Indicators,"Gross domestic product is the total income earned through the production of goods and services in an economic territory during an accounting period. It can be measured in three different ways: using either the expenditure approach, the income approach, or the production approach. This indicator is expressed in current prices, meaning no adjustment has been made to account for price changes over time. This indicator is expressed in United States dollars.","Country official statistics, National Statistical Organizations and/or Central Banks;
National Accounts data files, Organisation for Economic Co-operation and Development (OECD);
Staff estimates, World Bank (WB)",Economy & Growth
NY.GDP.PCAP.CD,GDP per capita (current US$),,2,World Development Indicators,"Gross domestic product is the total income earned through the production of goods and services in an economic territory during an accounting period. It can be measured in three different ways: using either the expenditure approach, the income approach, or the production approach. The core indicator has been divided by the general population to achieve a per capita estimate.This indicator is expressed in current prices, meaning no adjustment has been made to account for price changes over time. This indicator is expressed in United States dollars.","Country official statistics, National Statistical Organizations and/or Central Banks;
National Accounts data files, Organisation for Economic Co-operation and Development (OECD);
Staff estimates, World Bank (WB)",Economy & Growth
SP.RUR.TOTL.ZS,Rural population (% of total population),,2,World Development Indicators,Rural population refers to people living in rural areas as defined by national statistical offices. It is calculated as the difference between total population and urban population.,"World Urbanization Prospects, United Nations (UN), uri: https://population.un.org/wup/, note: World Bank staff estimates based on the United Nations Population Division's World Urbanization Prospects, National definitions, publisher: UN Population Division;
Staff estimates, World Bank (WB), note: World Bank staff estimates based on the United Nations Population Division's World Urbanization Prospects, National definitions",Agriculture & Rural Development  
NV.AGR.TOTL.ZS,"Agriculture, forestry, and fishing, value added (% of GDP)",,2,World Development Indicators,"Agriculture, forestry, and fishing corresponds to ISIC (Rev. 4) divisions 01-03 and includes the exploitation of vegetal and animal natural resources, comprising the activities of growing of crops, raising and breeding of animals, harvesting of timber and other plants, animals or animal products from a farm or their natural habitats.Value added is the contribution to the economy by a producer or an industry or an institutional sector, which is estimated by the total value of output produced and deducting the total value of intermediate consumption of goods and services used to produce that output. This indicator is expressed as a percentage of Gross Domestic Product (GDP) which is the total income earned through the production of goods and services in an economic territory during an accounting period. Note: For VAB countries, gross value added at factor cost is used as the denominator.","Country official statistics, National Statistical Organizations and/or Central Banks;
National Accounts data files, Organisation for Economic Co-operation and Development (OECD);
Staff estimates, World Bank (WB)","Agriculture & Rural Development  , Economy & Growth, Climate Change"
